[
    {
        "nombre": "Alexa",
        "apellidos": "Milla Villavicencio",
        "email": "alexamilla@gmail.com",
        "password": "$2y$10$XeIjYci4Isa2XBzlnv13m.yrw2k1i72Y2TNklUce1VxLNANSgy3N2",
        "imagen": null
    },
    {
        "nombre": "juan",
        "apellidos": "cari",
        "email": "cari@gmail.com",
        "password": "$2y$10$eAPZd0JjgykOIKcHF.ufW.D88pQMlgHKw7itXVNovPFE0G3fBgjQS",
        "imagen": "alexa.JPG"
    },
    {
        "nombre": "juan",
        "apellidos": "vi",
        "email": "ale@gmail",
        "password": "$2y$10$mEZhaZ9PCA9MnhUOcWq0BemZGRWbauPldELnOANKtSI184mvj8t5m",
        "imagen": null
    }
]